epoch,train_loss,val_loss,train_acc,val_acc
1,0.490905,0.314275,0.8342,0.8905
2,0.302002,0.279636,0.8942,0.8989
3,0.259151,0.234671,0.9070,0.9185
4,0.228780,0.231143,0.9186,0.9215
5,0.209908,0.226038,0.9245,0.9202
6,0.193314,0.223275,0.9310,0.9208
7,0.179822,0.221481,0.9361,0.9216
8,0.162594,0.232041,0.9419,0.9243
9,0.155721,0.228677,0.9425,0.9253
10,0.139644,0.239022,0.9491,0.9205
