epoch,train_loss,val_loss,train_acc,val_acc
1,0.508267,0.289624,0.8271,0.8944
2,0.307078,0.265009,0.8899,0.9036
3,0.262733,0.247696,0.9066,0.9144
4,0.233460,0.220497,0.9167,0.9243
5,0.213733,0.227449,0.9244,0.9172
6,0.197128,0.207139,0.9296,0.9276
7,0.179563,0.214799,0.9352,0.9255
8,0.165935,0.214449,0.9413,0.9258
9,0.155821,0.238364,0.9436,0.9225
10,0.142805,0.238906,0.9483,0.9220
