epoch,train_loss,val_loss,train_acc,val_acc
1,0.520670,0.309700,0.8237,0.8870
2,0.314255,0.271427,0.8871,0.8996
3,0.268496,0.235109,0.9059,0.9160
4,0.242442,0.220521,0.9139,0.9234
5,0.222906,0.206923,0.9203,0.9261
6,0.205819,0.200144,0.9264,0.9256
7,0.192172,0.199244,0.9304,0.9253
8,0.179472,0.203850,0.9353,0.9267
9,0.165121,0.196778,0.9407,0.9295
10,0.155058,0.210018,0.9447,0.9257
