epoch,train_loss,val_loss,train_acc,val_acc
1,0.497592,0.293029,0.8337,0.8978
2,0.295711,0.251140,0.8944,0.9126
3,0.258156,0.227201,0.9089,0.9179
4,0.230067,0.229250,0.9175,0.9200
5,0.209478,0.232523,0.9252,0.9151
6,0.195863,0.220260,0.9297,0.9222
7,0.179806,0.215957,0.9352,0.9250
8,0.161480,0.225388,0.9411,0.9235
9,0.149730,0.256597,0.9468,0.9158
10,0.137433,0.287134,0.9502,0.9055
